,title,genre,mood
0,Five Came Back: The Reference Films,documentation,learn
1,Monty Python's Flying Circus,comedy,laugh
2,Monty Python's Fliegender Zirkus,comedy,laugh
3,Seinfeld,comedy,laugh
4,Knight Rider,scifi,thrilled
5,Thomas & Friends,animation,thrilled
6,Saved by the Bell,family,nostalgic
7,Wheel of Fortune,family,nostalgic
8,Major Dad,comedy,laugh
9,Danger Mouse,animation,thrilled
10,Fireman Sam,animation,thrilled
11,High Risk,comedy,laugh
12,Survivor,reality,laugh
13,Stargate SG-1,scifi,thrilled
14,Pokémon,action,thrilled
15,One Piece,animation,thrilled
16,The Challenge,reality,laugh
17,Cowboy Bebop,animation,thrilled
18,Neon Genesis Evangelion,drama,thrilled
19,Gilmore Girls,comedy,laugh
20,Power Rangers,action,thrilled
21,Yu-Gi-Oh!,scifi,thrilled
22,The Magic School Bus,animation,thrilled
23,Goosebumps,scifi,thrilled
24,InuYasha,scifi,thrilled
25,All That,comedy,laugh
26,Barney & Friends,comedy,laugh
27,Kenan & Kel,family,nostalgic
28,My First Errand,documentation,learn
29,Cardcaptor Sakura,scifi,thrilled
30,Adventures of Sonic the Hedgehog,scifi,thrilled
31,Girlfriends,drama,thrilled
32,The Parkers,comedy,laugh
33,"Sister, Sister",comedy,laugh
34,Moesha,drama,thrilled
35,Heartbreak High,drama,thrilled
36,Oggy and the Cockroaches,animation,thrilled
37,Okupas,drama,thrilled
38,H,comedy,laugh
39,Escalona,drama,thrilled
40,Breaking Bad,drama,thrilled
41,Top Gear,comedy,laugh
42,The Walking Dead,action,thrilled
43,Supernatural,scifi,thrilled
44,The Great British Baking Show,reality,laugh
45,30 Rock,comedy,laugh
46,Borgen,drama,thrilled
47,Community,comedy,laugh
48,Grey's Anatomy,drama,thrilled
49,Arrested Development,comedy,laugh
50,Heartland,drama,thrilled
51,The Staircase,crime,thrilled
52,NCIS,crime,thrilled
53,Avatar: The Last Airbender,scifi,thrilled
54,Friday Night Lights,drama,thrilled
55,The IT Crowd,comedy,laugh
56,The Spectacular Spider-Man,action,thrilled
57,Zoey 101,drama,thrilled
58,DEATH NOTE,animation,thrilled
59,The Vampire Diaries,drama,thrilled
60,Naruto,animation,thrilled
61,My Little Pony: Friendship Is Magic,comedy,laugh
62,Chappelle's Show,comedy,laugh
63,Victorious,comedy,laugh
64,Trailer Park Boys,comedy,laugh
65,America's Next Top Model,reality,laugh
66,The Fairly OddParents,comedy,laugh
67,Ned's Declassified School Survival Guide,family,nostalgic
68,iCarly,comedy,laugh
69,Merlin,action,thrilled
70,Transformers: Prime,action,thrilled
71,The Mole,reality,laugh
72,Offspring,drama,thrilled
73,Code Geass: Lelouch of the Rebellion,scifi,thrilled
74,Gurren Lagann,action,thrilled
75,Dead Set,scifi,thrilled
76,Winx Club,animation,thrilled
77,Octonauts,action,thrilled
78,Sonic X,family,nostalgic
79,H2O: Just Add Water,scifi,thrilled
80,Still Game,comedy,laugh
81,Black Butler,scifi,thrilled
82,The 4400,drama,thrilled
83,Strawberry Shortcake,animation,thrilled
84,Shaun the Sheep,animation,thrilled
85,Toradora!,animation,thrilled
86,Big Time Rush,family,nostalgic
87,Midnight Diner,drama,thrilled
88,Pocoyo,animation,thrilled
89,Total Drama Island,war,thrilled
90,Kath & Kim,comedy,laugh
91,Metallica: Some Kind of Monster,western,thrilled
92,Ouran High School Host Club,comedy,laugh
93,Masha and the Bear,family,nostalgic
94,Mobile Suit Gundam Unicorn,scifi,thrilled
95,Wakfu,action,thrilled
96,Vampire Knight,animation,thrilled
97,Boys Over Flowers,comedy,laugh
98,The Garfield Show,animation,thrilled
99,Ben & Holly's Little Kingdom,animation,thrilled
100,Code Lyoko,action,thrilled
101,DreamWorks Shrek's Swamp Stories,comedy,laugh
102,The Game,drama,thrilled
103,Monty Python: Almost the Truth (The Lawyer's Cut),comedy,laugh
104,Pororo the Little Penguin,scifi,thrilled
105,The Legend of Bruce Lee,action,thrilled
106,Den-noh Coil,scifi,thrilled
107,Zig and Sharko,comedy,laugh
108,Johnny Test,animation,thrilled
109,Bo on the Go!,animation,thrilled
110,Half & Half,comedy,laugh
111,Kung Fu Panda Awesome Secrets,action,thrilled
112,Dinosaur King,action,thrilled
113,El Escamoso,drama,thrilled
114,Horrid Henry,animation,thrilled
115,The Mafia Dolls,drama,thrilled
116,Vientos de agua,drama,thrilled
117,Timmy Time,animation,thrilled
118,Iris,action,thrilled
119,Tayo the Little Bus,animation,thrilled
120,One on One,comedy,laugh
121,Trotro,animation,thrilled
122,DreamWorks Spooky Stories,animation,thrilled
123,Oscar's Oasis,animation,thrilled
124,Edge of the Universe,documentation,learn
125,Dreamworks Happy Holidays from Madagascar,animation,thrilled
126,Cocaine,documentation,learn
127,The Cartel,action,thrilled
128,Nuevo Rico Nuevo Pobre,comedy,laugh
129,Monty Python's Personal Best,comedy,laugh
130,Chhota Bheem,animation,thrilled
131,Fated to Love You,comedy,laugh
132,Behind Enemy Lines,drama,thrilled
133,A Lion in the House,documentation,learn
134,Pecados capitales,romance,nostalgic
135,Einsatzgruppen: The Nazi Death Squads,documentation,learn
136,The Ultimatum,drama,thrilled
137,The Qin Empire,war,thrilled
138,At Dolphin Bay,drama,thrilled
139,El cartel 2 - La guerra total,horror,thrilled
140,Cocomong,animation,thrilled
141,Khawatir,reality,laugh
142,The Fierce Wife,drama,thrilled
143,Wedding Planner,drama,thrilled
144,The Hospital,drama,thrilled
145,Autumn's Concerto,drama,thrilled
146,Breakout,drama,thrilled
147,Pink Zone,drama,thrilled
148,The Little Nyonya,drama,thrilled
149,Black & White,action,thrilled
150,The Prince Who Turns into a Frog,drama,thrilled
151,Together,drama,thrilled
152,My MVP Valentine,drama,thrilled
153,Unriddle,thriller,thrilled
154,The Family Court,drama,thrilled
155,Mighty Raju,animation,thrilled
156,The Truth,thriller,thrilled
157,Shameless,drama,thrilled
158,Teenage Mutant Ninja Turtles,animation,thrilled
159,New Girl,comedy,laugh
160,Call the Midwife,family,nostalgic
161,Black Mirror,drama,thrilled
162,Longmire,drama,thrilled
163,Hunter x Hunter,action,thrilled
164,Ink Master,reality,laugh
165,Last Tango in Halifax,drama,thrilled
166,JoJo's Bizarre Adventure,scifi,thrilled
167,Arrow,action,thrilled
168,Ninjago: Masters of Spinjitzu,animation,thrilled
169,Sword Art Online,scifi,thrilled
170,The Legend of Korra,animation,thrilled
171,The Borgias,drama,thrilled
172,Comedians in Cars Getting Coffee,comedy,laugh
173,Top Boy,drama,thrilled
174,Transformers: Rescue Bots,scifi,thrilled
175,Lilyhammer,comedy,laugh
176,Teen Mom 2,reality,laugh
177,Blue Exorcist,scifi,thrilled
178,MeatEater,documentation,learn
179,X-Men,action,thrilled
180,Cuckoo,comedy,laugh
181,Rita,comedy,laugh
182,Larva,comedy,laugh
183,My Babysitter's a Vampire,scifi,thrilled
184,Pablo Escobar: The Drug Lord,crime,thrilled
185,Magi,scifi,thrilled
186,Barbie: Life in the Dreamhouse,family,nostalgic
187,Kuroko's Basketball,comedy,laugh
188,Wolverine,scifi,thrilled
189,La Reina del Sur,drama,thrilled
190,TIGER & BUNNY,scifi,thrilled
191,Inborn Pair,drama,thrilled
192,Smile PreCure!,action,thrilled
193,EastSiders,comedy,laugh
194,Robocar Poli,animation,thrilled
195,LEGO Friends,animation,thrilled
196,Little Baby Bum,family,nostalgic
197,Outback Truckers,reality,laugh
198,LEGO City,animation,thrilled
199,Inside West Coast Customs,reality,laugh
200,El Reemplazante,drama,thrilled
201,Justin Time,action,thrilled
202,Meet the Adebanjos,comedy,laugh
203,Masameer,comedy,laugh
204,The Ultimate Braai Master,reality,laugh
205,Office Girls,comedy,laugh
206,The Glamorous Imperial Concubine,drama,thrilled
207,Drunken to Love You,comedy,laugh
208,Masha's tales,animation,thrilled
209,The Oath,drama,thrilled
210,Takki,drama,thrilled
211,The In-Laws,family,nostalgic
212,Yours Fatefully,drama,thrilled
213,"Love, Now",drama,thrilled
214,Peaky Blinders,crime,thrilled
215,Outlander,scifi,thrilled
216,Attack on Titan,action,thrilled
217,The Originals,scifi,thrilled
218,The Blacklist,thriller,thrilled
219,Married at First Sight,reality,laugh
220,The Flash,drama,thrilled
221,Reign,drama,thrilled
222,The 100,scifi,thrilled
223,Are You The One?,reality,laugh
224,Gotham,drama,thrilled
225,House of Cards,drama,thrilled
226,How to Get Away with Murder,crime,thrilled
227,BoJack Horseman,comedy,laugh
228,Madam Secretary,war,thrilled
229,Jane the Virgin,drama,thrilled
230,Henry Danger,comedy,laugh
231,Orange Is the New Black,drama,thrilled
232,The Thundermans,action,thrilled
233,Wentworth,drama,thrilled
234,Z Nation,action,thrilled
235,Marco Polo,action,thrilled
236,From Dusk Till Dawn: The Series,scifi,thrilled
237,Sofia the First,animation,thrilled
238,The Seven Deadly Sins,scifi,thrilled
239,Sam & Cat,comedy,laugh
240,Derek,drama,thrilled
241,Young & Hungry,comedy,laugh
242,Sailor Moon Crystal,animation,thrilled
243,Lovesick,comedy,laugh
244,Velvet,drama,thrilled
245,Tiny House Nation,reality,laugh
246,Angry Birds Toons,comedy,laugh
247,Shtisel,drama,thrilled
248,Hemlock Grove,thriller,thrilled
249,Rabbids Invasion,animation,thrilled
250,Zach Stone Is Gonna Be Famous,comedy,laugh
251,The Irregular at Magic High School,action,thrilled
252,Resurrection: Ertugrul,action,thrilled
253,The Next Step,drama,thrilled
254,"Nicky, Ricky, Dicky & Dawn",family,nostalgic
255,The Cat in the Hat Knows a Lot About That!,animation,thrilled
256,Dreamworks How to Train Your Dragon Legends,animation,thrilled
257,The Heirs,comedy,laugh
258,Mako: Island of Secrets,scifi,thrilled
259,Black Ink Crew New York,reality,laugh
260,Talking Tom and Friends,animation,thrilled
261,The Haunted Hathaways,comedy,laugh
262,Nagi-Asu: A Lull in the Sea,scifi,thrilled
263,Pac-Man and the Ghostly Adventures,action,thrilled
264,Yowamushi Pedal,comedy,laugh
265,Ever After High,action,thrilled
266,Dérapages,drama,thrilled
267,Senora Acero,crime,thrilled
268,Lalaloopsy,animation,thrilled
269,Some Assembly Required,comedy,laugh
270,Miniforce,animation,thrilled
271,VeggieTales in the House,comedy,laugh
272,Black Money Love,action,thrilled
273,Moving Art,documentation,learn
274,Turbo FAST,comedy,laugh
275,All Hail King Julien,comedy,laugh
276,20 Minutes,action,thrilled
277,Incomplete Life,comedy,laugh
278,Dokidoki! PreCure,animation,thrilled
279,Booba,comedy,laugh
280,Zbrodnia,crime,thrilled
281,"That Winter, the Wind Blows",drama,thrilled
282,Dharmakshetra,drama,thrilled
283,Masha's Spooky Stories,animation,thrilled
284,Sammy & Co,animation,thrilled
285,"Raja, Rasoi Aur Anya Kahaniyaan",history,learn
286,Boss & Me,comedy,laugh
287,Against the Tide,drama,thrilled
288,World at Your Feet,drama,thrilled
289,Two Fathers,comedy,laugh
290,Mystic Whispers,romance,nostalgic
291,Ojo's in d' House,comedy,laugh
292,Better Call Saul,drama,thrilled
293,Alone,reality,laugh
294,Stranger Things,scifi,thrilled
295,Schitt's Creek,comedy,laugh
296,The Good Place,scifi,thrilled
297,One-Punch Man,action,thrilled
298,The Last Kingdom,action,thrilled
299,Food Wars! Shokugeki no Soma,drama,thrilled
300,The Crown,drama,thrilled
301,Ash vs Evil Dead,action,thrilled
302,Lucifer,scifi,thrilled
303,Forged in Fire,reality,laugh
304,The OA,scifi,thrilled
305,The Magicians,scifi,thrilled
306,Miraculous: Tales of Ladybug & Cat Noir,animation,thrilled
307,Queen of the South,drama,thrilled
308,Grace and Frankie,drama,thrilled
309,Designated Survivor,war,thrilled
310,Slasher,crime,thrilled
311,60 Days In,documentation,learn
312,Fauda,war,thrilled
313,Call My Agent!,comedy,laugh
314,Travelers,scifi,thrilled
315,Medici: Masters of Florence,war,thrilled
316,Leah Remini: Scientology and the Aftermath,documentation,learn
317,Bloodline,drama,thrilled
318,Crazy Ex-Girlfriend,comedy,laugh
319,Narcos,drama,thrilled
320,DC's Legends of Tomorrow,drama,thrilled
321,Norsemen,comedy,laugh
322,Shooter,action,thrilled
323,Marcella,crime,thrilled
324,Into the Badlands,action,thrilled
325,Scream: The TV Series,thriller,thrilled
326,iZombie,crime,thrilled
327,Supergirl,scifi,thrilled
328,Sense8,scifi,thrilled
329,Kim's Convenience,comedy,laugh
330,Wynonna Earp,western,thrilled
331,Unbreakable Kimmy Schmidt,comedy,laugh
332,Dark Matter,scifi,thrilled
333,Flowers,comedy,laugh
334,Versailles,drama,thrilled
335,Good Witch,scifi,thrilled
336,Glitch,scifi,thrilled
337,Wet Hot American Summer: First Day of Camp,comedy,laugh
338,Frontier,action,thrilled
339,PJ Masks,family,nostalgic
340,Love,comedy,laugh
341,Servant of the People,comedy,laugh
342,Zoo,drama,thrilled
343,Crashing,comedy,laugh
344,The Disastrous Life of Saiki K.,scifi,thrilled
345,BUNK'D,comedy,laugh
346,Van Helsing,scifi,thrilled
347,Quantico,drama,thrilled
348,ERASED,drama,thrilled
349,F is for Family,comedy,laugh
350,Master of None,drama,thrilled
351,Hap and Leonard,action,thrilled
352,Easy,drama,thrilled
353,Occupied,war,thrilled
354,3%,scifi,thrilled
355,The Ranch,comedy,laugh
356,Bordertown,drama,thrilled
357,Making a Murderer,documentation,learn
358,La Casa,drama,thrilled
359,Wanted,crime,thrilled
360,Fuller House,comedy,laugh
361,Secret City,war,thrilled
362,Mobile Suit Gundam: Iron-Blooded Orphans,war,thrilled
363,Chef's Table,documentation,learn
364,Locked Up,drama,thrilled
365,Degrassi: Next Class,drama,thrilled
366,Aquarius,drama,thrilled
367,Frequency,scifi,thrilled
368,Greenleaf,drama,thrilled
369,Gilmore Girls: A Year in the Life,drama,thrilled
370,Last Chance U,documentation,learn
371,Roman Empire,drama,thrilled
372,Reply 1988,comedy,laugh
373,Rebellion,war,thrilled
374,The Get Down,drama,thrilled
375,Trollhunters: Tales of Arcadia,scifi,thrilled
376,Voltron: Legendary Defender,action,thrilled
377,The Letdown,comedy,laugh
378,Ajin,action,thrilled
379,Transformers: Robots In Disguise,comedy,laugh
380,Lady Dynamite,drama,thrilled
381,Signal,crime,thrilled
382,Paranoid,thriller,thrilled
383,El marginal,drama,thrilled
384,A Very Secret Service,comedy,laugh
385,Flaked,comedy,laugh
386,Danger Mouse,comedy,laugh
387,White Rabbit Project,reality,laugh
388,Cinderella and Four Knights,drama,thrilled
389,The Cuba Libre Story,documentation,learn
390,The Haunted House,thriller,thrilled
391,Sunny Bunnies,animation,thrilled
392,Dinotrux,action,thrilled
393,Zumbo's Just Desserts,reality,laugh
394,Dawn of the Croods,action,thrilled
395,The Adventures of Puss in Boots,comedy,laugh
396,Grizzy & the Lemmings,animation,thrilled
397,Terrace House: Boys & Girls in the City,reality,laugh
398,Club de Cuervos,drama,thrilled
399,T@gged,drama,thrilled
400,Crazyhead,comedy,laugh
401,The Windsors,comedy,laugh
402,The K2,action,thrilled
403,Netflix Presents: The Characters,comedy,laugh
404,W/ Bob & David,comedy,laugh
405,The Mr. Peabody & Sherman Show,animation,thrilled
406,Between,scifi,thrilled
407,Love O2O,drama,thrilled
408,Puffin Rock,comedy,laugh
409,Care Bears and Cousins,animation,thrilled
410,Dragons: Race to the Edge,scifi,thrilled
411,Case,drama,thrilled
412,The Method,crime,thrilled
413,La Niña,action,thrilled
414,Midnight Diner: Tokyo Stories,drama,thrilled
415,Inside the World's Toughest Prisons,crime,thrilled
416,Conspiracy,history,learn
417,The Deep,action,thrilled
418,Rosario Tijeras,drama,thrilled
419,Bella and the Bulldogs,comedy,laugh
420,Chelsea Does,documentation,learn
421,Molang,animation,thrilled
422,Ask the Storybots,animation,thrilled
423,Heidi,animation,thrilled
424,Cooked,documentation,learn
425,World of Winx,action,thrilled
426,Inspector Gadget,action,thrilled
427,Kong: King of the Apes,animation,thrilled
428,Real Rob,comedy,laugh
429,Tokyo Trial,drama,thrilled
430,Beat Bugs,family,nostalgic
431,Lego Bionicle: The Journey to One,action,thrilled
432,Intersection,drama,thrilled
433,No Tomorrow,comedy,laugh
434,Skylanders Academy,action,thrilled
435,Tales by Light,documentation,learn
436,Kuromukuro,comedy,laugh
437,Hip Hop Evolution,documentation,learn
438,Chef's Table: France,documentation,learn
439,Project Mc²,family,nostalgic
440,Nightmare Teacher,drama,thrilled
441,Secrets of Great British Castles,documentation,learn
442,Rainbow Ruby,family,nostalgic
443,Simon,comedy,laugh
444,Richie Rich,comedy,laugh
445,Marseille,drama,thrilled
446,Another Miss Oh,comedy,laugh
447,Paquita Salas,comedy,laugh
448,Unnatural Selection,reality,laugh
449,H20: Mermaid Adventures,animation,thrilled
450,Dear My Friends,comedy,laugh
451,The Sound of Your Heart,comedy,laugh
452,The Good Cop,comedy,laugh
453,Sons of the Caliphate,drama,thrilled
454,El Chema,crime,thrilled
455,Captive,documentation,learn
456,"Hello, My Twenties!",comedy,laugh
457,Haters Back Off,comedy,laugh
458,Good Morning Call,comedy,laugh
459,Witch Hunt: A Century of Murder,documentation,learn
460,Spotless,crime,thrilled
461,Cheer Squad,reality,laugh
462,Fartsa,drama,thrilled
463,The Paper,drama,thrilled
464,Word Party,family,nostalgic
465,Popples,family,nostalgic
466,StoryBots Super Songs,animation,thrilled
467,Sin senos sí hay paraíso,action,thrilled
468,Chelsea,comedy,laugh
469,Mossad 101,action,thrilled
470,Vanished 46,drama,thrilled
471,The Miracle,drama,thrilled
472,White Nights,drama,thrilled
473,Toon,comedy,laugh
474,72 Cutest Animals,documentation,learn
475,If I were an Animal,documentation,learn
476,Home: Adventures with Tip & Oh,comedy,laugh
477,A Touch of Green,drama,thrilled
478,Hibana: Spark,drama,thrilled
479,The Truth Seekers,drama,thrilled
480,Atelier,drama,thrilled
481,My Runway,comedy,laugh
482,72 Dangerous Places to Live,documentation,learn
483,Kulipari: An Army of Frogs,action,thrilled
484,Kazoops!,animation,thrilled
485,Little Things,drama,thrilled
486,The Princess Weiyoung,drama,thrilled
487,Terrace House: Aloha State,reality,laugh
488,Trailer Park Boys: Out of the Park: Europe,action,thrilled
489,Chasing Cameron,reality,laugh
490,Old Money,comedy,laugh
491,Coach Snoop,documentation,learn
492,Stories by Rabindranath Tagore,drama,thrilled
493,Три кота,animation,thrilled
494,The Governor,drama,thrilled
495,LEGO Friends: The Power of Friendship,animation,thrilled
496,One More Time,scifi,thrilled
497,Unchained fate,scifi,thrilled
498,Luna Petunia,animation,thrilled
499,Fearless,documentation,learn
500,Bottersnikes & Gumbles,action,thrilled
501,My Sunshine,drama,thrilled
502,Spark,drama,thrilled
503,Love Storm,family,nostalgic
504,Close Your Eyes Before It's Dark,thriller,thrilled
505,Best Lover,drama,thrilled
506,Miss in Kiss,comedy,laugh
507,"Have You Ever Fallen in Love, Miss Jiang?",drama,thrilled
508,Secret of Success,drama,thrilled
509,The Creative Indians,documentation,learn
510,Back to 1989,scifi,thrilled
511,The Dream Job,drama,thrilled
512,Tariqi: My Way,drama,thrilled
513,Mind Game,action,thrilled
514,Bibik Bibikku,drama,thrilled
515,Derry Girls,comedy,laugh
516,The Sinner,crime,thrilled
517,Ozark,drama,thrilled
518,Dark,scifi,thrilled
519,Legacies,drama,thrilled
520,Manifest,drama,thrilled
521,Riverdale,crime,thrilled
522,Cobra Kai,action,thrilled
523,Mindhunter,drama,thrilled
524,Money Heist,thriller,thrilled
525,All American,drama,thrilled
526,You,crime,thrilled
527,Lost in Space,drama,thrilled
528,Bodyguard,war,thrilled
529,Rise of the Teenage Mutant Ninja Turtles,action,thrilled
530,American Vandal,crime,thrilled
531,Godless,drama,thrilled
532,Somebody Feed Phil,documentation,learn
533,Manhunt,crime,thrilled
534,The Haunting of Hill House,thriller,thrilled
535,Babylon Berlin,drama,thrilled
536,Altered Carbon,scifi,thrilled
537,Castlevania,animation,thrilled
538,Dirty John,crime,thrilled
539,Dynasty,drama,thrilled
540,Good Girls,drama,thrilled
541,HAPPY!,scifi,thrilled
542,Wet Hot American Summer: Ten Years Later,comedy,laugh
543,Workin' Moms,comedy,laugh
544,Maniac,scifi,thrilled
545,Wild Wild Country,crime,thrilled
546,Anne with an E,drama,thrilled
547,The End of the F***ing World,drama,thrilled
548,Trolls: The Beat Goes On!,comedy,laugh
549,Atypical,comedy,laugh
550,A Series of Unfortunate Events,drama,thrilled
551,Charmed,drama,thrilled
552,Alias Grace,drama,thrilled
553,Cold Case Files,crime,thrilled
554,One Day at a Time,comedy,laugh
555,The Bureau of Magical Things,scifi,thrilled
556,Santa Clarita Diet,comedy,laugh
557,Safe,drama,thrilled
558,Stranger,crime,thrilled
559,Cocomelon,animation,thrilled
560,Disenchantment,scifi,thrilled
561,Big Mouth,comedy,laugh
562,Knightfall,action,thrilled
563,GLOW,drama,thrilled
564,Oats Studios,scifi,thrilled
565,Watership Down,animation,thrilled
566,BAKI,drama,thrilled
567,The Kominsky Method,drama,thrilled
568,Black Spot,drama,thrilled
569,Elite,thriller,thrilled
570,The Keepers,documentation,learn
571,13 Reasons Why,drama,thrilled
572,Imposters,drama,thrilled
573,Teasing Master Takagi-san,animation,thrilled
574,Narcos: Mexico,drama,thrilled
575,Black Lightning,action,thrilled
576,Salt Fat Acid Heat,documentation,learn
577,Mystery Science Theater 3000,scifi,thrilled
578,Deadwind,crime,thrilled
579,Seven Seconds,crime,thrilled
580,Queer Eye,reality,laugh
581,Violet Evergarden,animation,thrilled
582,Rascal Does Not Dream of Bunny Girl Senpai,comedy,laugh
583,James Acaster: Repertoire,comedy,laugh
584,Devilman Crybaby,animation,thrilled
585,Hilda,animation,thrilled
586,Collateral,thriller,thrilled
587,Cells at Work!,comedy,laugh
588,My Little Pony: Equestria Girls,animation,thrilled
589,The Dragon Prince,action,thrilled
590,Rust Valley Restorers,documentation,learn
591,Five Came Back,war,thrilled
592,She-Ra and the Princesses of Power,scifi,thrilled
593,Chilling Adventures of Sabrina,thriller,thrilled
594,Evil Genius,documentation,learn
595,Everything Sucks!,drama,thrilled
596,Nightflyers,scifi,thrilled
597,Dark Tourist,action,thrilled
598,Pine Gap,drama,thrilled
599,Dear White People,comedy,laugh
600,Troy: Fall of a City,action,thrilled
601,The Forest,drama,thrilled
602,Cable Girls,drama,thrilled
603,Aggretsuko,animation,thrilled
604,Jack Whitehall: Travels with My Father,reality,laugh
605,Two Sentence Horror Stories,drama,thrilled
606,Dirty Money,documentation,learn
607,Requiem,drama,thrilled
608,The Rain,scifi,thrilled
609,Sunderland 'Til I Die,documentation,learn
610,Nailed It!,reality,laugh
611,My Mister,drama,thrilled
612,Bakugan: Battle Planet,animation,thrilled
613,Dave Chappelle,comedy,laugh
614,Damnation,western,thrilled
615,Innocent,drama,thrilled
616,Great News,comedy,laugh
617,Better Than Us,scifi,thrilled
618,Insatiable,drama,thrilled
619,Zoids Wild,action,thrilled
620,Explained,documentation,learn
621,The Toys That Made Us,documentation,learn
622,Perfume,crime,thrilled
623,Mr. Sunshine,drama,thrilled
624,Friends from College,comedy,laugh
625,Disjointed,comedy,laugh
626,Sisters,drama,thrilled
627,Creeped Out,scifi,thrilled
628,Wormwood,crime,thrilled
629,Polly Pocket,fantasy,thrilled
630,Norm Macdonald Has a Show,comedy,laugh
631,Kakegurui,drama,thrilled
632,Al Hayba,drama,thrilled
633,Tidelands,scifi,thrilled
634,Gypsy,drama,thrilled
635,Transformers: Cyberverse,action,thrilled
636,Abstract: The Art of Design,documentation,learn
637,White Gold,comedy,laugh
638,Wanderlust,drama,thrilled
639,The Boss Baby: Back in Business,action,thrilled
640,Unauthorized Living,drama,thrilled
641,The Innocent Man,documentation,learn
642,Unit 42,crime,thrilled
643,Numberblocks,animation,thrilled
644,Hot Girls Wanted: Turned On,documentation,learn
645,VeggieTales in the City,comedy,laugh
646,Valor,drama,thrilled
647,The Hollow,comedy,laugh
648,B: The Beginning,scifi,thrilled
649,Hotel Transylvania: The Series,family,nostalgic
650,The Hook Up Plan,comedy,laugh
651,Car Masters: Rust to Riches,reality,laugh
652,On My Block,comedy,laugh
653,Spy Kids: Mission Critical,animation,thrilled
654,Hot Date,comedy,laugh
655,Paradise PD,comedy,laugh
656,Cloudy with a Chance of Meatballs,action,thrilled
657,Somewhere Between,drama,thrilled
658,Baby,drama,thrilled
659,Sick Note,comedy,laugh
660,Hitler's Circle of Evil,documentation,learn
661,Haunted,documentation,learn
662,Immortals,scifi,thrilled
663,The Standups,comedy,laugh
664,The Bride of Habaek,drama,thrilled
665,When Heroes Fly,war,thrilled
666,El Chapo,drama,thrilled
667,If I Hadn't Met You,thriller,thrilled
668,Hi Score Girl,comedy,laugh
669,Sugar Rush,reality,laugh
670,The Casketeers,reality,laugh
671,The Guest,drama,thrilled
672,Ugly Delicious,documentation,learn
673,Girlboss,comedy,laugh
674,Because This Is My First Life,drama,thrilled
675,Just Between Lovers,drama,thrilled
676,The Innocents,scifi,thrilled
677,Transformers: Rescue Bots Academy,animation,thrilled
678,Bill Nye Saves the World,comedy,laugh
679,I Am a Killer,documentation,learn
680,Suburra: Blood on Rome,drama,thrilled
681,Tabula Rasa,drama,thrilled
682,Spirit: Riding Free,action,thrilled
683,Little Witch Academia,scifi,thrilled
684,The Good Cop,drama,thrilled
685,The Protector,action,thrilled
686,Pop Team Epic,comedy,laugh
687,Voice,crime,thrilled
688,Patriot Act with Hasan Minhaj,comedy,laugh
689,The Epic Tales of Captain Underpants,animation,thrilled
690,The Mire,drama,thrilled
691,Rotten,documentation,learn
692,Murder Mountain,crime,thrilled
693,Scissor Seven,comedy,laugh
694,Alexa & Katie,comedy,laugh
695,Chip and Potato,animation,thrilled
696,Girl from Nowhere,drama,thrilled
697,The House of Flowers,comedy,laugh
698,The Magic School Bus Rides Again,animation,thrilled
699,The Worst Witch,scifi,thrilled
700,Dogs,documentation,learn
701,Magic for Humans,reality,laugh
702,QB1: Beyond the Lights,drama,thrilled
703,Black Earth Rising,drama,thrilled
704,7 Days Out,documentation,learn
705,Welcome to the Family,comedy,laugh
706,3Below: Tales of Arcadia,scifi,thrilled
707,A Love So Beautiful,comedy,laugh
708,Millennials,drama,thrilled
709,Cathedral of the Sea,drama,thrilled
710,Signs,crime,thrilled
711,Bonus Family,drama,thrilled
712,Nicky Jam: El Ganador,drama,thrilled
713,Black,scifi,thrilled
714,She's Gotta Have It,comedy,laugh
715,Borderliner,drama,thrilled
716,Camarón Revolution,documentation,learn
717,Memories of the Alhambra,scifi,thrilled
718,Chosen,action,thrilled
719,The Royal House of Windsor,documentation,learn
720,The Confession Tapes,documentation,learn
721,Ad Vitam,scifi,thrilled
722,Free Rein,action,thrilled
723,The Indian Detective,crime,thrilled
724,Sacred Games,action,thrilled
725,The Queen of Flow,drama,thrilled
726,Dogs of Berlin,crime,thrilled
727,Meteor Garden,drama,thrilled
728,Shot in the Dark,reality,laugh
729,Rainbow Rangers,animation,thrilled
730,Unsolved: The Murders of Tupac and The Notorious B.I.G.,crime,thrilled
731,Daniel Sloss: Live Shows,comedy,laugh
732,The Beauty Inside,comedy,laugh
733,Cry Babies Magic Tears,family,nostalgic
734,Love Daily,drama,thrilled
735,The Mechanism,drama,thrilled
736,Thus Spoke Kishibe Rohan,action,thrilled
737,Welcome to Waikiki,drama,thrilled
738,Thieves of the Wood,history,learn
739,Blood Pact,drama,thrilled
740,Final Fantasy XIV: Dad of Light,drama,thrilled
741,Fate/Apocrypha,scifi,thrilled
742,Greenhouse Academy,drama,thrilled
743,Champions,comedy,laugh
744,Cleo & Cuquin,animation,thrilled
745,November 13: Attack on Paris,documentation,learn
746,SKY Castle,drama,thrilled
747,Man Like Mobeen,comedy,laugh
748,Life Sentence,comedy,laugh
749,Ingobernable,war,thrilled
750,Eternal Love,scifi,thrilled
751,Ashes of Love,comedy,laugh
752,Lawless Lawyer,crime,thrilled
753,Cyborg 009: Call of Justice,scifi,thrilled
754,Gormiti,comedy,laugh
755,The A List,drama,thrilled
756,Beyblade Burst Turbo,scifi,thrilled
757,The Curious Creations of Christine McConnell,comedy,laugh
758,Clean with Passion for Now,comedy,laugh
759,GHOUL,scifi,thrilled
760,Kiss Me First,scifi,thrilled
761,Barbie: Dreamhouse Adventures,animation,thrilled
762,Diablero,scifi,thrilled
763,Erased,drama,thrilled
764,Instant Hotel,reality,laugh
765,Monkey Twins,action,thrilled
766,A Korean Odyssey,comedy,laugh
767,Power Rangers Ninja Steel,action,thrilled
768,Warrior,action,thrilled
769,Life,drama,thrilled
770,Something in the Rain,drama,thrilled
771,13 Reasons Why: Beyond the Reasons,documentation,learn
772,Julie's Greenroom,comedy,laugh
773,Prison Playbook,comedy,laugh
774,Brainchild,documentation,learn
775,Apaches,crime,thrilled
776,Revolutionary Love,comedy,laugh
777,Dope,documentation,learn
778,Neo Yokio,action,thrilled
779,Crazy Delicious,reality,laugh
780,Marlon,comedy,laugh
781,Bumping Mics with Jeff Ross & Dave Attell,comedy,laugh
782,The Fix,comedy,laugh
783,Bobby Kennedy for President,documentation,learn
784,The Yard,drama,thrilled
785,Familiar Wife,scifi,thrilled
786,Medal of Honor,documentation,learn
787,Llama Llama,animation,thrilled
788,True and the Rainbow Kingdom,animation,thrilled
789,Wolf,reality,laugh
790,Back Street Girls -GOKUDOLS-,comedy,laugh
791,Ultimate Beastmaster,action,thrilled
792,The Piano Forest,comedy,laugh
793,Victim Number 8,crime,thrilled
794,Jenni Rivera: Mariposa de Barrio,drama,thrilled
795,Sirius the Jaeger,action,thrilled
796,Kakegurui,thriller,thrilled
797,Ultraviolet,drama,thrilled
798,The Final Table,reality,laugh
799,Time: The Kalief Browder Story,documentation,learn
800,Trump: An American Dream,documentation,learn
801,The New Legends of Monkey,scifi,thrilled
802,Robot Trains,animation,thrilled
803,Flint Town,documentation,learn
804,Vai Anitta,documentation,learn
805,The Inmate,drama,thrilled
806,Death by Magic,reality,laugh
807,The Day I Met El Chapo: The Kate del Castillo Story,documentation,learn
808,Surviving Escobar - Alias JJ,crime,thrilled
809,My Sassy Girl,comedy,laugh
810,Lego Jurassic World: The Secret Exhibit,action,thrilled
811,Beyond Stranger Things,documentation,learn
812,Samurai Gourmet,comedy,laugh
813,Mob Psycho 100,action,thrilled
814,Castle and Castle,drama,thrilled
815,Re: Mind,drama,thrilled
816,Becoming Champions,documentation,learn
817,Hero Mask,animation,thrilled
818,Yummy Mummies,reality,laugh
819,Live,drama,thrilled
820,Wild District,drama,thrilled
821,Selection Day,drama,thrilled
822,Trailer Park Boys: Out of the Park: USA,comedy,laugh
823,The Big Family Cooking Showdown,reality,laugh
824,Edgar Rice Burroughs' Tarzan and Jane,action,thrilled
825,Falsa identidad,crime,thrilled
826,44 Cats,action,thrilled
827,Strongest Deliveryman,drama,thrilled
828,Live Up To Your Name,drama,thrilled
829,Ingress: The Animation,scifi,thrilled
830,Fastest Car,reality,laugh
831,Bad Guys: Vile City,action,thrilled
832,The Platform,music,learn
833,The Degenerates,comedy,laugh
834,Children of the Whales,scifi,thrilled
835,The Rise of Phoenixes,drama,thrilled
836,Zac & Mia,drama,thrilled
837,Abby Hatcher,animation,thrilled
838,My Only Love Song,drama,thrilled
839,ReBoot: The Guardian Code,drama,thrilled
840,Secret Agent Selection: WW2,war,thrilled
841,Love and Fortune,drama,thrilled
842,Drug Lords,documentation,learn
843,Fate/Extra Last Encore,action,thrilled
844,Luis Miguel: The Series,drama,thrilled
845,Busted!,thriller,thrilled
846,Boca Juniors Confidential,documentation,learn
847,Dinotrux: Supercharged,animation,thrilled
848,Inside the Criminal Mind,crime,thrilled
849,Sparta,thriller,thrilled
850,A.I.C.O. -Incarnation-,animation,thrilled
851,Luo Bao Bei,animation,thrilled
852,My Shy Boss,comedy,laugh
853,100 Days My Prince,drama,thrilled
854,Afflicted,documentation,learn
855,Dancing Queen,reality,laugh
856,Million Yen Women,drama,thrilled
857,Fugitiva,drama,thrilled
858,Pucca: Love Recipe,animation,thrilled
859,Relatable,comedy,laugh
860,72 Dangerous Animals: Asia,documentation,learn
861,My Dead Ex,comedy,laugh
862,Misty,drama,thrilled
863,Terrorism Close Calls,documentation,learn
864,My ID is Gangnam Beauty,drama,thrilled
865,Girls Incarcerated,reality,laugh
866,Smoking,crime,thrilled
867,Move,documentation,learn
868,Hymn of Death,drama,thrilled
869,Terrace House: Opening New Doors,reality,laugh
870,Undercover Law,drama,thrilled
871,Myths & Monsters,documentation,learn
872,72 Dangerous Animals: Latin America,documentation,learn
873,Bitter Daisies,drama,thrilled
874,LEGO Friends: Girls on a Mission,animation,thrilled
875,The Joel McHale Show with Joel McHale,comedy,laugh
876,The Velvet Collection,comedy,laugh
877,Kibaoh Klashers,scifi,thrilled
878,Last Hope,drama,thrilled
879,My Secret Romance,comedy,laugh
880,Ainori Love Wagon: Asian Journey,reality,laugh
881,All About the Washingtons,comedy,laugh
882,All Hail King Julien: Exiled,animation,thrilled
883,The Who Was? Show,family,nostalgic
884,Switched,drama,thrilled
885,Kantaro: The Sweet Tooth Salaryman,comedy,laugh
886,Legend Quest,comedy,laugh
887,Ask the Doctor,documentation,learn
888,Kulipari: Dream Walker,animation,thrilled
889,Empire Games,documentation,learn
890,FIGHTWORLD,documentation,learn
891,First Team: Juventus,scifi,thrilled
892,Edha,drama,thrilled
893,Rapture,documentation,learn
894,Black Crows,drama,thrilled
895,Super Drags,animation,thrilled
896,Battlefish,documentation,learn
897,SWORDGAI The Animation,action,thrilled
898,Larva Island,animation,thrilled
899,Accidentally In Love,family,nostalgic
900,Million Pound Menu,reality,laugh
901,The Break with Michelle Wolf,comedy,laugh
902,Daughters of Destiny,documentation,learn
903,Amazing Interiors,documentation,learn
904,The Comedy Lineup,comedy,laugh
905,Paul Hollywood's Big Continental Road Trip,documentation,learn
906,Titipo Titipo,animation,thrilled
907,Borges,comedy,laugh
908,Stretch Armstrong & the Flex Fighters,animation,thrilled
909,1983,drama,thrilled
910,Wrong Kind of Black,drama,thrilled
911,Harvey Street Kids,family,nostalgic
912,Stay Here,reality,laugh
913,Serial Killer with Piers Morgan,documentation,learn
914,Dragon Pilot: Hisone and Masotan,animation,thrilled
915,Blazing Transfer Students,action,thrilled
916,Argon,drama,thrilled
917,Fire Chasers,documentation,learn
918,AMO,crime,thrilled
919,Unrequited Love,drama,thrilled
920,Robozuna,animation,thrilled
921,We Speak Dance,documentation,learn
922,Take My Brother Away,family,nostalgic
923,LEGO Elves: Secrets of Elvendale,scifi,thrilled
924,Motown Magic,animation,thrilled
925,Dave Chappelle: Equanimity & The Bird Revelation,comedy,laugh
926,Samantha!,comedy,laugh
927,Paprika,family,nostalgic
928,Age of Rebellion,crime,thrilled
929,Falling in Love Like a Romantic Drama,reality,laugh
930,Nailed It! Holiday!,reality,laugh
931,Part-Time Idol,drama,thrilled
932,Standup and Away! with Brian Regan,comedy,laugh
933,Super Monsters,animation,thrilled
934,Ari Shaffir: Double Negative,comedy,laugh
935,Lost Song,animation,thrilled
936,Check The Store Next Door,comedy,laugh
937,First and Last,documentation,learn
938,Buddy Thunderstruck,comedy,laugh
939,Oh My Ghost,drama,thrilled
940,The Many Faces of Ito,drama,thrilled
941,ID-0,scifi,thrilled
942,Westside,reality,laugh
943,Age of Tanks,documentation,learn
944,Regiment Diaries,documentation,learn
945,Ponysitters Club,family,nostalgic
946,REA(L)OVE,reality,laugh
947,On Children,drama,thrilled
948,The Sound of Your Heart: Reboot,comedy,laugh
949,Cupcake & Dino - General Services,animation,thrilled
950,Best.Worst.Weekend.Ever.,comedy,laugh
951,Prince of Peoria,comedy,laugh
952,Made in Mexico,reality,laugh
953,Chicken Soup for the Soul's Being Dad,reality,laugh
954,Bangkok Love Stories 2: Innocence,drama,thrilled
955,Treehouse Detectives,animation,thrilled
956,The Judgement,drama,thrilled
957,YG Future Strategy Office,comedy,laugh
958,What She Put on the Table,drama,thrilled
959,A Taiwanese Tale of Two Cities,drama,thrilled
960,Learning Songs by Little Baby Bum: Nursery Rhyme Friends,animation,thrilled
961,Club de Cuervos Presents: The Ballad of Hugo Sánchez,comedy,laugh
962,Running Man,comedy,laugh
963,Jimmy: The True Story of a True Idiot,drama,thrilled
964,A House of Blocks,drama,thrilled
965,Droppin' Cash: Los Angeles,reality,laugh
966,Baby Ballroom,documentation,learn
967,Justice: Qalb Al Adala,drama,thrilled
968,Memories of Love,drama,thrilled
969,A Boy Named Flora A,drama,thrilled
970,The Hollywood Masters,documentation,learn
971,Dance & Sing With True,family,nostalgic
972,The Could've-Gone-All-the-Way Committee,comedy,laugh
973,Follow This,documentation,learn
974,Pretty Man,family,nostalgic
975,True: Wonderful Wishes,animation,thrilled
976,The Perfect Match,drama,thrilled
977,Here to Heart,drama,thrilled
978,True: Magical Friends,animation,thrilled
979,Little Singham,animation,thrilled
980,Luna Petunia Return to Amazia,animation,thrilled
981,The Unknown Hitman: The Story of El Cholo Adrián,action,thrilled
982,Life Plan A and B,drama,thrilled
983,The Honeymoon Stand Up Special,comedy,laugh
984,Afronta!,documentation,learn
985,Highland: Thailand's Marijuana Awakening,documentation,learn
986,The Umbrella Academy,comedy,laugh
987,The Secret of Skinwalker Ranch,horror,thrilled
988,Virgin River,drama,thrilled
989,Demon Slayer: Kimetsu no Yaiba,scifi,thrilled
990,"Love, Death & Robots",scifi,thrilled
991,In the Dark,drama,thrilled
992,Vinland Saga,animation,thrilled
993,Tuca & Bertie,comedy,laugh
994,Russian Doll,comedy,laugh
995,Jurassic World: Camp Cretaceous,action,thrilled
996,The Witcher,scifi,thrilled
997,Bridgerton,drama,thrilled
998,Control Z,drama,thrilled
999,After Life,comedy,laugh
1000,Surviving R. Kelly,documentation,learn
1001,Are You Afraid of the Dark?,thriller,thrilled
1002,The UnXplained,documentation,learn
1003,The Queen's Gambit,drama,thrilled
1004,"Roswell, New Mexico",scifi,thrilled
1005,Sex Education,drama,thrilled
1006,Dead to Me,thriller,thrilled
1007,Capitani,crime,thrilled
1008,I Think You Should Leave with Tim Robinson,comedy,laugh
1009,Formula 1: Drive to Survive,documentation,learn
1010,The Last Dance,documentation,learn
1011,Locke & Key,drama,thrilled
1012,Outer Banks,thriller,thrilled
1013,Emily in Paris,drama,thrilled
1014,Unbelievable,drama,thrilled
1015,Kingdom,action,thrilled
1016,Blown Away,reality,laugh
1017,Marianne,thriller,thrilled
1018,Space Force,comedy,laugh
1019,Love on the Spectrum,reality,laugh
1020,Never Have I Ever,comedy,laugh
1021,The Stranger,thriller,thrilled
1022,The Promised Neverland,animation,thrilled
1023,Dracula,drama,thrilled
1024,The Comey Rule,war,thrilled
1025,Black Summer,scifi,thrilled
1026,The Daily Life of the Immortal King,scifi,thrilled
1027,Alice in Borderland,action,thrilled
1028,The Dark Crystal: Age of Resistance,scifi,thrilled
1029,When They See Us,drama,thrilled
1030,The Haunting of Bly Manor,thriller,thrilled
1031,Sweet Magnolias,drama,thrilled
1032,Warrior Nun,action,thrilled
1033,Don't F**k with Cats: Hunting an Internet Killer,documentation,learn
1034,The Midnight Gospel,comedy,laugh
1035,The Defeated,history,learn
1036,The Hateful Eight: Extended Version,crime,thrilled
1037,The Family,documentation,learn
1038,Into the Night,scifi,thrilled
1039,Feel Good,drama,thrilled
1040,Crash Landing on You,war,thrilled
1041,Ragnarok,thriller,thrilled
1042,Love Is Blind,reality,laugh
1043,Young Wallander,thriller,thrilled
1044,Hollywood,drama,thrilled
1045,Our Planet,documentation,learn
1046,The Chef Show,documentation,learn
1047,Big Timber,reality,laugh
1048,Raising Dion,scifi,thrilled
1049,Sweet Home,drama,thrilled
1050,Ratched,drama,thrilled
1051,The Politician,comedy,laugh
1052,The Cursed,thriller,thrilled
1053,Top Boy,drama,thrilled
1054,Dorohedoro,scifi,thrilled
1055,The Society,drama,thrilled
1056,Unorthodox,drama,thrilled
1057,The Twelve,thriller,thrilled
1058,Barbarians,drama,thrilled
1059,The Movies That Made Us,documentation,learn
1060,She,drama,thrilled
1061,Cursed,action,thrilled
1062,Lego Jurassic World: Legend of Isla Nublar,comedy,laugh
1063,Living with Yourself,drama,thrilled
1064,Giri/Haji,drama,thrilled
1065,The Spy,drama,thrilled
1066,Pokémon Journeys: The Series,animation,thrilled
1067,Jeffrey Epstein: Filthy Rich,documentation,learn
1068,Bogdan Boner: Egzorcysta,animation,thrilled
1069,The Valhalla Murders,crime,thrilled
1070,The Last Czars,romance,nostalgic
1071,Selling Sunset,reality,laugh
1072,Glow Up: Britain's Next Make-Up Star,reality,laugh
1073,I Am Not Okay with This,drama,thrilled
1074,WHAT / IF,drama,thrilled
1075,Unsolved Mysteries,documentation,learn
1076,Cheer,documentation,learn
1077,DC Super Hero Girls,scifi,thrilled
1078,The Order,scifi,thrilled
1079,Down to Earth with Zac Efron,documentation,learn
1080,Kipo and the Age of Wonderbeasts,comedy,laugh
1081,Ghost in the Shell: SAC_2045,scifi,thrilled
1082,The Untamed,action,thrilled
1083,Too Hot to Handle,reality,laugh
1084,Another Life,scifi,thrilled
1085,Love & Anarchy,comedy,laugh
1086,L.A.'s Finest,crime,thrilled
1087,Greatest Events of WWII in Colour,documentation,learn
1088,Tiger King,documentation,learn
1089,Undercover,drama,thrilled
1090,Criminal: UK,crime,thrilled
1091,Traitors,war,thrilled
1092,Merli: Dare to Know,comedy,laugh
1093,Backstreet Rookie,drama,thrilled
1094,Dare Me,thriller,thrilled
1095,The English Game,drama,thrilled
1096,Hotel Del Luna,romance,nostalgic
1097,Wu Assassins,scifi,thrilled
1098,The Gentlemen's League,reality,laugh
1099,To the Lake,thriller,thrilled
1100,Teenage Bounty Hunters,comedy,laugh
1101,Away,drama,thrilled
1102,Floor is Lava,reality,laugh
1103,Julie and the Phantoms,scifi,thrilled
1104,How to Sell Drugs Online (Fast),comedy,laugh
1105,Ultraman,animation,thrilled
1106,Dark Desire,thriller,thrilled
1107,The Circle,reality,laugh
1108,BEASTARS,animation,thrilled
1109,Messiah,drama,thrilled
1110,Get Organized with The Home Edit,reality,laugh
1111,Daybreak,scifi,thrilled
1112,The Pharmacist,documentation,learn
1113,Blood of Zeus,scifi,thrilled
1114,Schulz Saves America,comedy,laugh
1115,Northern Rescue,drama,thrilled
1116,Itaewon Class,drama,thrilled
1117,Quicksand,drama,thrilled
1118,Start-Up,drama,thrilled
1119,Sintonia,drama,thrilled
1120,It's Okay to Not Be Okay,drama,thrilled
1121,Her Private Life,comedy,laugh
1122,Equinox,scifi,thrilled
1123,The Woods,drama,thrilled
1124,Middleditch & Schwartz,comedy,laugh
1125,Bonding,drama,thrilled
1126,Conversations with a Killer: The Ted Bundy Tapes,documentation,learn
1127,Fear City: New York vs The Mafia,crime,thrilled
1128,Inside Bill's Brain: Decoding Bill Gates,documentation,learn
1129,The Uncanny Counter,drama,thrilled
1130,GREAT PRETENDER,drama,thrilled
1131,The Baker and the Beauty,comedy,laugh
1132,V Wars,scifi,thrilled
1133,High Score,documentation,learn
1134,Special,comedy,laugh
1135,Street Food,documentation,learn
1136,Oh My Baby,comedy,laugh
1137,High Seas,crime,thrilled
1138,Chambers,drama,thrilled
1139,The Letter for the King,action,thrilled
1140,Lies and Deceit,thriller,thrilled
1141,Transformers: War for Cybertron: Siege,scifi,thrilled
1142,The Devil Next Door,crime,thrilled
1143,White Lines,drama,thrilled
1144,Spinning Out,drama,thrilled
1145,Tales of the City,drama,thrilled
1146,Stateless,drama,thrilled
1147,Power Rangers Beast Morphers,action,thrilled
1148,Darwin's Game,action,thrilled
1149,Osmosis,drama,thrilled
1150,Tidying Up with Marie Kondo,reality,laugh
1151,Selena: The Series,drama,thrilled
1152,LEGO City Adventures,animation,thrilled
1153,Dash & Lily,drama,thrilled
1154,Carmen Sandiego,animation,thrilled
1155,Toy Boy,drama,thrilled
1156,Vagabond,drama,thrilled
1157,Aunty Donna's Big Ol House of Fun,comedy,laugh
1158,Caliphate,drama,thrilled
1159,Heaven Official's Blessing,scifi,thrilled
1160,Wizards: Tales of Arcadia,action,thrilled
1161,Astronomy Club: The Sketch Show,comedy,laugh
1162,Grand Army,drama,thrilled
1163,Next in Fashion,reality,laugh
1164,Persona,drama,thrilled
1165,Killer Inside: The Mind of Aaron Hernandez,documentation,learn
1166,Garth Brooks: The Road I'm On,documentation,learn
1167,Biohackers,drama,thrilled
1168,The I-Land,drama,thrilled
1169,"The Mind, Explained",documentation,learn
1170,Carole & Tuesday,scifi,thrilled
1171,Arthdal Chronicles,drama,thrilled
1172,Green Eggs and Ham,animation,thrilled
1173,Challenger: The Final Flight,documentation,learn
1174,Unabomber: In His Own Words,crime,thrilled
1175,Song Exploder,documentation,learn
1176,Dragons: Rescue Riders,action,thrilled
1177,The Ghost Bride,drama,thrilled
1178,Hoops,comedy,laugh
1179,7SEEDS,scifi,thrilled
1180,Mr. Iglesias,comedy,laugh
1181,Paranormal,scifi,thrilled
1182,Gameboys,drama,thrilled
1183,The Liberator,action,thrilled
1184,The Baby-Sitters Club,comedy,laugh
1185,Get Even,crime,thrilled
1186,The Gift,thriller,thrilled
1187,Prank Encounters,reality,laugh
1188,Trinkets,drama,thrilled
1189,Ju-On: Origins,drama,thrilled
1190,Dolly Parton's Heartstrings,drama,thrilled
1191,The Duchess,comedy,laugh
1192,October Faction,horror,thrilled
1193,Hache,crime,thrilled
1194,Medical Police,comedy,laugh
1195,My Unfamiliar Family,drama,thrilled
1196,Puerta 7,crime,thrilled
1197,The Last Kids on Earth,animation,thrilled
1198,The Barrier,scifi,thrilled
1199,Valeria,comedy,laugh
1200,Trash Truck,animation,thrilled
1201,The Bonfire of Destiny,drama,thrilled
1202,Gentefied,comedy,laugh
1203,Mystic Pop-up Bar,drama,thrilled
1204,BNA,scifi,thrilled
1205,Designated Survivor: 60 Days,thriller,thrilled
1206,Trial by Media,crime,thrilled
1207,Cannon Busters,scifi,thrilled
1208,"Good Morning, Verônica",crime,thrilled
1209,AJ and the Queen,comedy,laugh
1210,Chef's Table: BBQ,documentation,learn
1211,Gigantosaurus,animation,thrilled
1212,Rainbow High,comedy,laugh
1213,Turn Up Charlie,comedy,laugh
1214,Sneakerheads,comedy,laugh
1215,Family Business,comedy,laugh
1216,The Eddy,drama,thrilled
1217,Kevin Hart: Don't F**k This Up,documentation,learn
1218,The Mess You Leave Behind,crime,thrilled
1219,"Nisman. The Prosecutor, the President and the Spy",history,learn
1220,Love 101,drama,thrilled
1221,The Confession Killer,crime,thrilled
1222,Kota Factory,drama,thrilled
1223,Broken,documentation,learn
1224,A Love So Beautiful,comedy,laugh
1225,Lenox Hill,documentation,learn
1226,Dream Home Makeover,reality,laugh
1227,The Alcàsser Murders,documentation,learn
1228,The Disappearance of Madeleine McCann,crime,thrilled
1229,Connected,documentation,learn
1230,The InBESTigators,comedy,laugh
1231,Freud,drama,thrilled
1232,Black Space,crime,thrilled
1233,Interior Design Masters,reality,laugh
1234,No Good Nick,comedy,laugh
1235,History 101,documentation,learn
1236,Trailer Park Boys: The Animated Series,animation,thrilled
1237,The Great Heist,crime,thrilled
1238,The Least Expected Day: Inside the Movistar Team 2019,documentation,learn
1239,My Holo Love,drama,thrilled
1240,Ares,thriller,thrilled
1241,Romance Is a Bonus Book,drama,thrilled
1242,The Chosen One,thriller,thrilled
1243,Home for Christmas,comedy,laugh
1244,Delhi Crime,drama,thrilled
1245,Pup Academy,family,nostalgic
1246,The Possessed,thriller,thrilled
1247,Fast & Furious Spy Racers,family,nostalgic
1248,1994,documentation,learn
1249,Hospital Playlist,drama,thrilled
1250,The Playbook,documentation,learn
1251,100 Humans: Life's Questions. Answered.,documentation,learn
1252,Japan Sinks: 2020,action,thrilled
1253,The Ripper,documentation,learn
1254,Killer Ratings,documentation,learn
1255,The Cabin with Bert Kreischer,comedy,laugh
1256,Detention,drama,thrilled
1257,Queen Sono,thriller,thrilled
1258,Alien Worlds,documentation,learn
1259,Rise of Empires: Ottoman,drama,thrilled
1260,Losers,documentation,learn
1261,The King: Eternal Monarch,drama,thrilled
1262,Basketball or Nothing,documentation,learn
1263,How to Fix a Drug Scandal,documentation,learn
1264,Deaf U,reality,laugh
1265,Merry Happy Whatever,comedy,laugh
1266,We Are the Wave,drama,thrilled
1267,Rilakkuma and Kaoru,animation,thrilled
1268,Love Alarm,scifi,thrilled
1269,Nobody's Looking,comedy,laugh
1270,"Sex, Explained",documentation,learn
1271,The Neighbor,comedy,laugh
1272,We Are the Champions,documentation,learn
1273,Who Killed Little Gregory?,documentation,learn
1274,Until Dawn,reality,laugh
1275,Lunatics,comedy,laugh
1276,Apache: The Life of Carlos Tevez,crime,thrilled
1277,Vampires,scifi,thrilled
1278,Jamtara – Sabka Number Ayega,drama,thrilled
1279,When the Camellia Blooms,drama,thrilled
1280,Record of Youth,drama,thrilled
1281,Dating Around,reality,laugh
1282,Les de l'hoquei,drama,thrilled
1283,Self Made: Inspired by the Life of Madam C.J. Walker,drama,thrilled
1284,The Last Word,drama,thrilled
1285,The Unlisted,scifi,thrilled
1286,Transformers: War for Cybertron: Earthrise,animation,thrilled
1287,Tiny Pretty Things,thriller,thrilled
1288,Summertime,drama,thrilled
1289,Luna Nera,drama,thrilled
1290,Extracurricular,drama,thrilled
1291,Always a Witch,scifi,thrilled
1292,Morphle,animation,thrilled
1293,Rugal,action,thrilled
1294,Ultramarine Magmell,animation,thrilled
1295,Monarca,drama,thrilled
1296,Exhibit A,documentation,learn
1297,"Breakfast, Lunch & Dinner",documentation,learn
1298,The Unsettling,crime,thrilled
1299,The Goop Lab,documentation,learn
1300,Pandemic: How to Prevent an Outbreak,documentation,learn
1301,Run On,drama,thrilled
1302,The Innocence Files,documentation,learn
1303,Hyperdrive,reality,laugh
1304,Best Leftovers Ever!,reality,laugh
1305,One Spring Night,drama,thrilled
1306,Drug Squad: Costa del Sol,drama,thrilled
1307,#blackAF,comedy,laugh
1308,Power Players,comedy,laugh
1309,Mighty Express,animation,thrilled
1310,Typewriter,thriller,thrilled
1311,Kengan Ashura,animation,thrilled
1312,Restaurants on the Edge,reality,laugh
1313,Diagnosis,documentation,learn
1314,Bloodride,scifi,thrilled
1315,You vs. Wild,reality,laugh
1316,Babies,documentation,learn
1317,Historical Roasts,comedy,laugh
1318,Omniscient,scifi,thrilled
1319,Mortel,horror,thrilled
1320,Put Your Head on My Shoulder,drama,thrilled
1321,La Révolution,drama,thrilled
1322,Chocolate,drama,thrilled
1323,The Circle France,reality,laugh
1324,The Trial,crime,thrilled
1325,Touch Your Heart,drama,thrilled
1326,The Minions of Midas,crime,thrilled
1327,Betaal,thriller,thrilled
1328,My Country: The New Age,drama,thrilled
1329,Rookie Historian Goo Hae-Ryung,romance,nostalgic
1330,Legend of Exorcism,scifi,thrilled
1331,Beyblade Burst Surge,animation,thrilled
1332,Ricky Zoom,animation,thrilled
1333,"Hi Bye, Mama!",scifi,thrilled
1334,BREAK IT ALL: The History of Rock in Latin America,documentation,learn
1335,The Surgeon's Cut,documentation,learn
1336,My First First Love,drama,thrilled
1337,Shadow,crime,thrilled
1338,Women of the Night,drama,thrilled
1339,(Un)Well,documentation,learn
1340,Abyss,scifi,thrilled
1341,The Naked Director,drama,thrilled
1342,SAINT SEIYA: Knights of the Zodiac,animation,thrilled
1343,Nadiya Bakes,documentation,learn
1344,The School Nurse Files,scifi,thrilled
1345,Skylines,crime,thrilled
1346,Criminal: Spain,crime,thrilled
1347,Do Do Sol Sol La La Sol,comedy,laugh
1348,Was It Love?,drama,thrilled
1349,Curon,scifi,thrilled
1350,LEGO Marvel Avengers: Climate Conundrum,animation,thrilled
1351,Blood & Water,drama,thrilled
1352,Sing On!,reality,laugh
1353,Lovestruck in the City,drama,thrilled
1354,Twice Upon a Time,drama,thrilled
1355,Til Death Do Us Part,scifi,thrilled
1356,Immigration Nation,documentation,learn
1357,Terrace House: Tokyo 2019-2020,reality,laugh
1358,Magical Andes,documentation,learn
1359,Mythomaniac,comedy,laugh
1360,The Trials of Gabriel Fernandez,crime,thrilled
1361,Tiny Creatures,documentation,learn
1362,45 RPM,drama,thrilled
1363,The Circle Brazil,reality,laugh
1364,Search: WWW,drama,thrilled
1365,Followers,drama,thrilled
1366,The Big Show Show,comedy,laugh
1367,Brotherhood,drama,thrilled
1368,Cooked With Cannabis,reality,laugh
1369,Private Lives,crime,thrilled
1370,The Club,comedy,laugh
1371,Dragon's Dogma,action,thrilled
1372,Carmel: Who Killed Maria Marta?,documentation,learn
1373,The Big Flower Fight,reality,laugh
1374,Flavorful Origins,documentation,learn
1375,The King's Avatar,action,thrilled
1376,Can You Hear Me?,comedy,laugh
1377,Unstoppable,drama,thrilled
1378,Skin Decision: Before and After,reality,laugh
1379,It's Bruno!,comedy,laugh
1380,Oktoberfest: Beer & Blood,drama,thrilled
1381,Shaun the Sheep: Adventures from Mossy Bottom,animation,thrilled
1382,Criminal: France,crime,thrilled
1383,Three Days of Christmas,drama,thrilled
1384,The American Barbecue Showdown,reality,laugh
1385,Hook,drama,thrilled
1386,Almost Happy,comedy,laugh
1387,Win the Wilderness: Alaska,documentation,learn
1388,Her Mother's Killer,drama,thrilled
1389,Street Food: Latin America,documentation,learn
1390,Archibald's Next Big Thing,family,nostalgic
1391,Paava Kadhaigal,drama,thrilled
1392,Frontera Verde,crime,thrilled
1393,The Legend of White Snake,drama,thrilled
1394,Ethos,drama,thrilled
1395,Masaba Masaba,comedy,laugh
1396,Absurd Planet,documentation,learn
1397,Rhythm + Flow,reality,laugh
1398,My Perfect Landing,family,nostalgic
1399,"Whose Vote Counts, Explained",documentation,learn
1400,El Dragón: Return of a Warrior,action,thrilled
1401,Criminal: Germany,drama,thrilled
1402,Who Killed Malcolm X?,crime,thrilled
1403,The Forest of Love: Deep Cut,drama,thrilled
1404,Reality Z,comedy,laugh
1405,Awake: The Million Dollar Game,reality,laugh
1406,Mystery Lab,comedy,laugh
1407,Drifting Dragons,animation,thrilled
1408,Beyblade Burst Rise,action,thrilled
1409,Taco Chronicles,documentation,learn
1410,Whispers,thriller,thrilled
1411,Go! Live Your Way,drama,thrilled
1412,Back with the Ex,reality,laugh
1413,Ashley Garcia: Genius in Love,comedy,laugh
1414,Night on Earth,documentation,learn
1415,SanPa: Sins of the Savior,documentation,learn
1416,El Final del Paraíso,drama,thrilled
1417,The Business of Drugs,documentation,learn
1418,Alien TV,family,nostalgic
1419,Malibu Rescue: The Series,comedy,laugh
1420,Black Dog,drama,thrilled
1421,Heroes of Goo Jit Zu,scifi,thrilled
1422,Emily's Wonder Lab,family,nostalgic
1423,The Witcher: A Look Inside the Episodes,documentation,learn
1424,Dino Girl Gauko,fantasy,thrilled
1425,Korean Pork Belly Rhapsody,documentation,learn
1426,The Iliza Shlesinger Sketch Show,comedy,laugh
1427,The Queen and the Conqueror,drama,thrilled
1428,The Stranded,drama,thrilled
1429,You Cannot Hide,action,thrilled
1430,Well-Intended Love,drama,thrilled
1431,The Idhun Chronicles,action,thrilled
1432,Mismatched,comedy,laugh
1433,"Coronavirus, Explained",documentation,learn
1434,The Good Detective,drama,thrilled
1435,Glitch Techs,animation,thrilled
1436,Family Reunion,comedy,laugh
1437,Brews Brothers,comedy,laugh
1438,Last One Standing,thriller,thrilled
1439,Seis Manos,crime,thrilled
1440,Anitta: Made in Honório,documentation,learn
1441,Bolívar: Una lucha admirable,action,thrilled
1442,Tijuana,drama,thrilled
1443,Stolen Away,thriller,thrilled
1444,Extreme Engagement,reality,laugh
1445,Yankee,drama,thrilled
1446,Monzón: A Knockout Blow,sport,learn
1447,Girls from Ipanema,drama,thrilled
1448,Graceful Friends,drama,thrilled
1449,The Crowned Clown,drama,thrilled
1450,The Writer,drama,thrilled
1451,revisions,animation,thrilled
1452,Indian Matchmaking,reality,laugh
1453,COMEDIANS of the world,comedy,laugh
1454,Huge in France,comedy,laugh
1455,Over Christmas,comedy,laugh
1456,Examination of Conscience,documentation,learn
1457,Leila,scifi,thrilled
1458,Trigger Warning with Killer Mike,documentation,learn
1459,Levius,animation,thrilled
1460,The Victims' Game,drama,thrilled
1461,Possessed,thriller,thrilled
1462,The Devil Punisher,scifi,thrilled
1463,Izzy's Koala World,documentation,learn
1464,La Línea: Shadow of Narco,documentation,learn
1465,Trial 4,documentation,learn
1466,A Perfect Crime,documentation,learn
1467,Scams,action,thrilled
1468,World's Most Wanted,documentation,learn
1469,The Healing Powers of Dude,family,nostalgic
1470,Someone Has to Die,drama,thrilled
1471,Crime Diaries: Night Out,crime,thrilled
1472,The Prince of Tennis,drama,thrilled
1473,Chief of Staff,drama,thrilled
1474,Nadiya's Time to Eat,reality,laugh
1475,Hong Kong West Side Stories,drama,thrilled
1476,Handsome Siblings,comedy,laugh
1477,Yanxi Palace: Princess Adventures,drama,thrilled
1478,Pinky Malinky,comedy,laugh
1479,Twelve Forever,family,nostalgic
1480,A Little Thing Called First Love,comedy,laugh
1481,Flinch,reality,laugh
1482,My Dear Warrior,drama,thrilled
1483,Nowhere Man,crime,thrilled
1484,Room 2806: The Accusation,documentation,learn
1485,Team Kaylie,comedy,laugh
1486,How To Ruin Christmas,drama,thrilled
1487,Jailbirds,reality,laugh
1488,The Search,crime,thrilled
1489,Rhyme Time Town,animation,thrilled
1490,Cagaster of an Insect Cage,drama,thrilled
1491,Once Upon a Time in Lingjian Mountain,action,thrilled
1492,Social Distance,drama,thrilled
1493,Say I Do,reality,laugh
1494,Bard of Blood,action,thrilled
1495,Jinn,drama,thrilled
1496,Home Game,documentation,learn
1497,Go! Go! Cory Carson,comedy,laugh
1498,Triad Princess,drama,thrilled
1499,Maradona in Mexico,documentation,learn
1500,I Hear You,drama,thrilled
1501,Charlie's Colorforms City,animation,thrilled
1502,Kissing Game,drama,thrilled
1503,Nailed It! Spain,family,nostalgic
1504,Playing with Fire,drama,thrilled
1505,My Husband Won't Fit,drama,thrilled
1506,Somewhere Only We Know,drama,thrilled
1507,Million Dollar Beach House,reality,laugh
1508,Hyena,drama,thrilled
1509,Stay Tuned!,comedy,laugh
1510,Sing On! Germany,reality,laugh
1511,Holiday Secrets,drama,thrilled
1512,Twogether,reality,laugh
1513,Futmalls.com,scifi,thrilled
1514,Lugar de Mulher,comedy,laugh
1515,The Lies Within,drama,thrilled
1516,Queer Eye: We're in Japan!,reality,laugh
1517,The Smart Money Woman,drama,thrilled
1518,Tiffany Haddish Presents: They Ready,comedy,laugh
1519,Sing On! Spain,music,learn
1520,"Los Briceño, una familia todo terreno",drama,thrilled
1521,A Thousand Goodnights,family,nostalgic
1522,Larry Charles' Dangerous World of Comedy,documentation,learn
1523,A Queen Is Born,reality,laugh
1524,YooHoo to the Rescue,animation,thrilled
1525,Narcoworld: Dope Stories,documentation,learn
1526,Sleepless Society NYCTOPHOBIA,thriller,thrilled
1527,I'm with the Band: Nasty Cherry,documentation,learn
1528,Taj Mahal 1989,drama,thrilled
1529,Juman,romance,nostalgic
1530,J-Style Trip,reality,laugh
1531,The Underclass,drama,thrilled
1532,GAME ON: A Comedy Crossover Event,comedy,laugh
1533,Crime Diaries: The Candidate,thriller,thrilled
1534,Sakho & Mangane,action,thrilled
1535,Secreto bien guardado,drama,thrilled
1536,Legend Quest: Masters of Myth,animation,thrilled
1537,Once Upon A Time,drama,thrilled
1538,Hello Ninja,family,nostalgic
1539,True: Terrific Tales,animation,thrilled
1540,Singapore Social,reality,laugh
1541,Living Undocumented,documentation,learn
1542,Oldsters,comedy,laugh
1543,The Fabulous Lives of Bollywood Wives,reality,laugh
1544,Holiday Home Makeover with Mr. Christmas,reality,laugh
1545,Hasmukh,comedy,laugh
1546,Sugar Rush Christmas,reality,laugh
1547,Happy Jail,documentation,learn
1548,Cricket Fever: Mumbai Indians,documentation,learn
1549,Buddi,family,nostalgic
1550,Chico Bon Bon: Monkey with a Tool Belt,animation,thrilled
1551,Felipe Esparza: Bad Decisions,comedy,laugh
1552,Mighty Little Bheem,animation,thrilled
1553,Tobot Galaxy Detectives,animation,thrilled
1554,Find Yourself,drama,thrilled
1555,Bread Barbershop,animation,thrilled
1556,뽀로로 동화나라,animation,thrilled
1557,Six Windows in the Desert,drama,thrilled
1558,Sexy Central,comedy,laugh
1559,Bhaag Beanie Bhaag,drama,thrilled
1560,Green Door,drama,thrilled
1561,Booba: Food Puzzle,comedy,laugh
1562,Fary: Hexagone,comedy,laugh
1563,Nailed It! Germany,reality,laugh
1564,Nailed It! Mexico,reality,laugh
1565,Valentino,comedy,laugh
1566,No hay tiempo para la vergüenza,reality,laugh
1567,Badanamu Stories,animation,thrilled
1568,Word Party Songs,animation,thrilled
1569,Bangkok Love Stories: Plead,drama,thrilled
1570,The 43,documentation,learn
1571,Kings of Jo'Burg,crime,thrilled
1572,Bad Boy Billionaires: India,crime,thrilled
1573,Spectros,scifi,thrilled
1574,The Unremarkable Juanquini,comedy,laugh
1575,Encounters,comedy,laugh
1576,"Wait, My Youth",drama,thrilled
1577,Voices of Fire,music,learn
1578,The Defected,drama,thrilled
1579,Country Ever After,reality,laugh
1580,Dollar,action,thrilled
1581,Bookmarks: Celebrating Black Voices,family,nostalgic
1582,A Perfect Day for Arsenide,drama,thrilled
1583,I Have A Script,drama,thrilled
1584,糖糖Online,drama,thrilled
1585,Southern Survival,reality,laugh
1586,Answer for Heaven,drama,thrilled
1587,Styling Hollywood,reality,laugh
1588,Bangkok Buddies,drama,thrilled
1589,DeMarcus Family Rules,reality,laugh
1590,The Charming Stepmom,family,nostalgic
1591,Arashi's Diary: Voyage,documentation,learn
1592,The House Arrest of Us,comedy,laugh
1593,Children of Adam,drama,thrilled
1594,Nailed It! France,reality,laugh
1595,Mighty Little Bheem: Festival of Colors,animation,thrilled
1596,Ladies Up,reality,laugh
1597,In the Bosom of a Thorn,drama,thrilled
1598,True Tunes,family,nostalgic
1599,The Good Bandit,comedy,laugh
1600,Cairo's Class,drama,thrilled
1601,Mighty Little Bheem: Diwali,comedy,laugh
1602,What the Love! with Karan Johar,reality,laugh
1603,Resident Evil,scifi,thrilled
1604,The Lincoln Lawyer,crime,thrilled
1605,Man vs. Bee,comedy,laugh
1606,How to Change Your Mind,documentation,learn
1607,God's Favorite Idiot,comedy,laugh
1608,Keep Sweet: Pray and Obey,crime,thrilled
1609,D.B. Cooper: Where Are You?!,crime,thrilled
1610,"Boo, Bitch",scifi,thrilled
1611,Midnight Mass,fantasy,thrilled
1612,Inventing Anna,drama,thrilled
1613,Snowflake Mountain,reality,laugh
1614,Anatomy of a Scandal,drama,thrilled
1615,Arcane,scifi,thrilled
1616,Squid Game,action,thrilled
1617,Money Heist (Korean Remake),action,thrilled
1618,Heartstopper,romance,nostalgic
1619,Extraordinary Attorney Woo,drama,thrilled
1620,Pieces of Her,drama,thrilled
1621,Maid,drama,thrilled
1622,How To Build a Sex Room,reality,laugh
1623,"BASTARD‼ -Heavy Metal, Dark Fantasy-",animation,thrilled
1624,The Longest Night,action,thrilled
1625,You Don't Know Me,drama,thrilled
1626,First Kill,thriller,thrilled
1627,Queen,drama,thrilled
1628,King of Stonks,comedy,laugh
1629,Alba,drama,thrilled
1630,Alchemy of Souls,drama,thrilled
1631,The Pentaverate,comedy,laugh
1632,Murderville,comedy,laugh
1633,Vikings: Valhalla,war,thrilled
1634,Uncle From Another World,scifi,thrilled
1635,Shadow and Bone,scifi,thrilled
1636,Kung Fu Panda: The Dragon Knight,action,thrilled
1637,"Web of Make Believe: Death, Lies and the Internet",crime,thrilled
1638,The Woman in the House Across the Street from the Girl in the Window,thriller,thrilled
1639,Café Minamdang,drama,thrilled
1640,The Future Of,documentation,learn
1641,Archive 81,drama,thrilled
1642,Stay Close,crime,thrilled
1643,Pirate Gold of Adak Island,reality,laugh
1644,All of Us Are Dead,action,thrilled
1645,Our Great National Parks,documentation,learn
1646,Resident Evil: Infinite Darkness,scifi,thrilled
1647,Attack on Pearl Harbor: Minute by Minute,documentation,learn
1648,Juanpis González - The Series,comedy,laugh
1649,Borgen - Power & Glory,drama,thrilled
1650,Spriggan,animation,thrilled
1651,Sweet Tooth,drama,thrilled
1652,Behind Her Eyes,thriller,thrilled
1653,Indian Predator: The Butcher of Delhi,documentation,learn
1654,All American: Homecoming,drama,thrilled
1655,Lupin,crime,thrilled
1656,Meltdown: Three Mile Island,documentation,learn
1657,The Upshaws,family,nostalgic
1658,Clark,thriller,thrilled
1659,Farzar,scifi,thrilled
1660,Pacific Rim: The Black,scifi,thrilled
1661,Inside Job,comedy,laugh
1662,Iron Chef: Quest for an Iron Legend,reality,laugh
1663,First Class,reality,laugh
1664,Two Summers,thriller,thrilled
1665,She Would Never Know,drama,thrilled
1666,The Hidden Lives of Pets,documentation,learn
1667,Dead End: Paranormal Park,animation,thrilled
1668,Bad Vegan: Fame. Fraud. Fugitives.,documentation,learn
1669,Cowboy Bebop,scifi,thrilled
1670,The Cuphead Show!,animation,thrilled
1671,Hellbound,scifi,thrilled
1672,The Beauty Queen of Jerusalem,drama,thrilled
1673,Intimacy,crime,thrilled
1674,In from the Cold,drama,thrilled
1675,Brand New Cherry Flavor,thriller,thrilled
1676,The G Word with Adam Conover,documentation,learn
1677,Sex/Life,comedy,laugh
1678,True Story,drama,thrilled
1679,The Guardians of Justice,action,thrilled
1680,Clickbait,crime,thrilled
1681,Murder Among the Mormons,documentation,learn
1682,Wrong Side of the Tracks,action,thrilled
1683,Love on the Spectrum U.S.,reality,laugh
1684,Komi Can't Communicate,drama,thrilled
1685,The Silent Sea,scifi,thrilled
1686,The Chestnut Man,crime,thrilled
1687,Firefly Lane,drama,thrilled
1688,The 7 Lives of Lea,drama,thrilled
1689,The Chair,drama,thrilled
1690,Attenborough's Life in Colour,documentation,learn
1691,Hurts Like Hell,drama,thrilled
1692,The Serpent,crime,thrilled
1693,jeen-yuhs,documentation,learn
1694,Turning Point: 9/11 and the War on Terror,war,thrilled
1695,The Perfect Mother,drama,thrilled
1696,Human Resources,animation,thrilled
1697,My Name,thriller,thrilled
1698,Welcome to Eden,action,thrilled
1699,Maya and the Three,comedy,laugh
1700,The Andy Warhol Diaries,documentation,learn
1701,Who Killed Sara?,drama,thrilled
1702,Young Royals,drama,thrilled
1703,Halston,drama,thrilled
1704,Anxious People,crime,thrilled
1705,Jupiter's Legacy,scifi,thrilled
1706,Hold Tight,crime,thrilled
1707,The Innocent,thriller,thrilled
1708,Yakamoz S-245,scifi,thrilled
1709,Hit & Run,drama,thrilled
1710,Midnight at the Pera Palace,thriller,thrilled
1711,The Puppet Master: Hunting the Ultimate Conman,documentation,learn
1712,VOIR,documentation,learn
1713,Business Proposal,drama,thrilled
1714,Remarriage & Desires,drama,thrilled
1715,Fate: The Winx Saga,scifi,thrilled
1716,Masters of the Universe: Revelation,family,nostalgic
1717,Gabby's Dollhouse,animation,thrilled
1718,Tomorrow,drama,thrilled
1719,Heist,crime,thrilled
1720,My Liberation Notes,drama,thrilled
1721,Feria: The Darkest Light,scifi,thrilled
1722,Surviving Summer,drama,thrilled
1723,The Principles of Pleasure,documentation,learn
1724,Night Stalker: The Hunt for a Serial Killer,documentation,learn
1725,How to Become a Tyrant,documentation,learn
1726,Cracow Monsters,scifi,thrilled
1727,Worst Roommate Ever,crime,thrilled
1728,Change Days,reality,laugh
1729,Vampire in the Garden,drama,thrilled
1730,Ginny & Georgia,drama,thrilled
1731,Conversations with a Killer: The John Wayne Gacy Tapes,documentation,learn
1732,Catching Killers,crime,thrilled
1733,Chosen,scifi,thrilled
1734,Country Queen,drama,thrilled
1735,Is It Cake?,reality,laugh
1736,The Girl from Oslo,drama,thrilled
1737,The Way of the Househusband,animation,thrilled
1738,Twenty Five Twenty One,drama,thrilled
1739,The Billion Dollar Code,drama,thrilled
1740,No Regrets In Life,drama,thrilled
1741,Glória,drama,thrilled
1742,The One,drama,thrilled
1743,Hard Cell,comedy,laugh
1744,Gone for Good,drama,thrilled
1745,This Is a Robbery: The World's Biggest Art Heist,crime,thrilled
1746,Crime Scene: The Vanishing at the Cecil Hotel,documentation,learn
1747,Record of Ragnarok,animation,thrilled
1748,Jimmy Savile: A British Horror Story,documentation,learn
1749,Cocaine Cowboys: The Kings of Miami,documentation,learn
1750,The Marked Heart,thriller,thrilled
1751,New Heights,drama,thrilled
1752,Life After Death with Tyler Henry,reality,laugh
1753,That’s My Time with David Letterman,comedy,laugh
1754,Pretend It's a City,comedy,laugh
1755,Q-Force,animation,thrilled
1756,That Girl Lay Lay,comedy,laugh
1757,Blue Period,animation,thrilled
1758,Kotaro Lives Alone,animation,thrilled
1759,The Sound of Magic,scifi,thrilled
1760,Baki Hanma,animation,thrilled
1761,Super Crooks,action,thrilled
1762,Our Beloved Summer,comedy,laugh
1763,"Mom, Don't Do That!",comedy,laugh
1764,Vincenzo,action,thrilled
1765,Sophie: A Murder in West Cork,documentation,learn
1766,He-Man and the Masters of the Universe,animation,thrilled
1767,The Ultimatum: Marry or Move On,reality,laugh
1768,Katla,drama,thrilled
1769,The Last Bus,scifi,thrilled
1770,Tear Along the Dotted Line,drama,thrilled
1771,Pretty Guardians Sailor Moon Eternal The Movie,action,thrilled
1772,Jump Like a Witch,reality,laugh
1773,Trese,horror,thrilled
1774,WWII in Color: Road to Victory,documentation,learn
1775,Animal,documentation,learn
1776,Hometown Cha-Cha-Cha,comedy,laugh
1777,History of Swear Words,documentation,learn
1778,Ganglands,action,thrilled
1779,DOTA: Dragon's Blood,scifi,thrilled
1780,Falling Into Your Smile,drama,thrilled
1781,The Cook of Castamar,drama,thrilled
1782,High-Rise Invasion,thriller,thrilled
1783,Making Fun,reality,laugh
1784,Angry Birds: Summer Madness,action,thrilled
1785,School of Chocolate,reality,laugh
1786,Our Blues,drama,thrilled
1787,As the Crow Flies,drama,thrilled
1788,The Raincoat Killer: Chasing a Predator in Korea,documentation,learn
1789,Countdown: Inspiration4 Mission to Space,documentation,learn
1790,Bling Empire,reality,laugh
1791,High on the Hog: How African American Cuisine Transformed America,documentation,learn
1792,Standing Up,comedy,laugh
1793,Monsters Inside: The 24 Faces of Billy Milligan,documentation,learn
1794,Power Rangers Dino Fury,thriller,thrilled
1795,Pretty Smart,comedy,laugh
1796,Beyond Evil,crime,thrilled
1797,Forecasting Love and Weather,drama,thrilled
1798,"Money, Explained",documentation,learn
1799,Rebelde,drama,thrilled
1800,On the Verge,comedy,laugh
1801,Colin in Black & White,drama,thrilled
1802,The Club,drama,thrilled
1803,Tribes of Europa,scifi,thrilled
1804,Blippi Wonders,animation,thrilled
1805,Shaman King,comedy,laugh
1806,42 Days of Darkness,drama,thrilled
1807,Welcome to Wedding Hell,drama,thrilled
1808,The Journalist,crime,thrilled
1809,Bulgasal: Immortal Souls,scifi,thrilled
1810,House of Secrets: The Burari Deaths,history,learn
1811,Thermae Romae Novae,comedy,laugh
1812,An astrological guide for broken hearts,romance,nostalgic
1813,Centaurworld,scifi,thrilled
1814,Tiger King: The Doc Antle Story,crime,thrilled
1815,Amend: The Fight for America,war,thrilled
1816,Juvenile Justice,drama,thrilled
1817,The Irregulars,crime,thrilled
1818,The King's Affection,drama,thrilled
1819,Invisible City,thriller,thrilled
1820,The Orbital Children,scifi,thrilled
1821,My Little Pony: Make Your Mark,comedy,laugh
1822,Dig Deeper: The Disappearance of Birgit Meier,crime,thrilled
1823,Surviving Death,documentation,learn
1824,Baby Fever,drama,thrilled
1825,Who Rules The World,drama,thrilled
1826,Getting Curious with Jonathan Van Ness,comedy,laugh
1827,The Sons of Sam: A Descent Into Darkness,crime,thrilled
1828,Open Your Eyes,thriller,thrilled
1829,Spycraft,documentation,learn
1830,Bullsh*t the Game Show,reality,laugh
1831,EDENS ZERO,scifi,thrilled
1832,Sisyphus,drama,thrilled
1833,Baking Impossible,reality,laugh
1834,Inspector Koo,comedy,laugh
1835,Misfit: The Series,comedy,laugh
1836,The Lost Pirate Kingdom,documentation,learn
1837,Green Mothers' Club,drama,thrilled
1838,Bad Sport,crime,thrilled
1839,Mr. Good: Cop or Crook?,documentation,learn
1840,Rhythm + Flow France,reality,laugh
1841,Saturday Morning All Star Hits!,animation,thrilled
1842,Yasuke,drama,thrilled
1843,Chicago Party Aunt,animation,thrilled
1844,Thirty-Nine,drama,thrilled
1845,Sky Rojo,drama,thrilled
1846,Money Heist: From Tokyo to Berlin,documentation,learn
1847,Headspace Guide to Meditation,documentation,learn
1848,Mine,thriller,thrilled
1849,"Sex, Love & Goop",reality,laugh
1850,Love is Blind: Japan,reality,laugh
1851,Generation 56K,drama,thrilled
1852,Elves,thriller,thrilled
1853,Sexy Beasts,reality,laugh
1854,Insiders,reality,laugh
1855,Top Secret UFO Projects: Declassified,documentation,learn
1856,Dirty Lines,drama,thrilled
1857,Crime Scene: The Times Square Killer,thriller,thrilled
1858,Samurai Rabbit: The Usagi Chronicles,animation,thrilled
1859,Sharkdog,animation,thrilled
1860,"Nevertheless,",drama,thrilled
1861,Eden,animation,thrilled
1862,Last Chance U: Basketball,documentation,learn
1863,Snabba Cash,crime,thrilled
1864,Back to 15,drama,thrilled
1865,Aranyak,thriller,thrilled
1866,"Devotion, a Story of Love and Desire",drama,thrilled
1867,Post Mortem: No One Dies in Skarnes,thriller,thrilled
1868,D.P.,drama,thrilled
1869,Move to Heaven,drama,thrilled
1870,Heirs to the Land,drama,thrilled
1871,A Sinister Sect: Colonia Dignidad,documentation,learn
1872,I Am Georgina,reality,laugh
1873,Wild Babies,documentation,learn
1874,Jaguar,drama,thrilled
1875,Coming Out Colton,reality,laugh
1876,The Motive,crime,thrilled
1877,Godzilla Singular Point,animation,thrilled
1878,JAPAN SINKS: People of Hope,scifi,thrilled
1879,The Life and Movies of Erşan Kuneri,comedy,laugh
1880,This Is Pop,music,learn
1881,Maldivas,comedy,laugh
1882,Summer Heat,drama,thrilled
1883,Why Are You Like This?,comedy,laugh
1884,Neymar: The Perfect Chaos,documentation,learn
1885,Dive Club,drama,thrilled
1886,Elite Short Stories: Guzmán Caye Rebe,drama,thrilled
1887,Trivia Quest,family,nostalgic
1888,Queer Eye Germany,reality,laugh
1889,Alessandro Cattelan: One Simple Question,comedy,laugh
1890,The War Next-door,comedy,laugh
1891,Navillera,drama,thrilled
1892,Once Upon a Time... Happily Never After,scifi,thrilled
1893,The Unlikely Murderer,drama,thrilled
1894,Kid Cosmic,comedy,laugh
1895,The Boss Baby: Back in the Crib,animation,thrilled
1896,Blown Away: Christmas,reality,laugh
1897,Feels Like Ishq,drama,thrilled
1898,The World's Most Amazing Vacation Rentals,documentation,learn
1899,Thomas & Friends: All Engines Go!,animation,thrilled
1900,Headspace Guide to Sleep,documentation,learn
1901,Lellobee City Farm,animation,thrilled
1902,Penguin Town,documentation,learn
1903,Karma's World,animation,thrilled
1904,Dogs in Space,family,nostalgic
1905,Elite Short Stories: Phillipe Caye Felipe,comedy,laugh
1906,Adventure Beast,comedy,laugh
1907,Midnight Asia: Eat · Dance · Dream,documentation,learn
1908,Until Life Do Us Part,drama,thrilled
1909,Elite Short Stories: Patrick,comedy,laugh
1910,The Parisian Agency: Exclusive Properties,reality,laugh
1911,Elite Short Stories: Omar Ander Alexis,drama,thrilled
1912,Hype House,reality,laugh
1913,Kitz,drama,thrilled
1914,I Need Romance,drama,thrilled
1915,The Five Juanas,drama,thrilled
1916,The Crew,comedy,laugh
1917,The Time It Takes,drama,thrilled
1918,Elite Short Stories: Carla Samuel,drama,thrilled
1919,Luna Park,drama,thrilled
1920,Savage Beauty,drama,thrilled
1921,Selling Tampa,reality,laugh
1922,Age of Samurai: Battle for Japan,documentation,learn
1923,Octonauts: Above & Beyond,animation,thrilled
1924,Yeh Kaali Kaali Ankhein,drama,thrilled
1925,Love (ft. Marriage and Divorce),drama,thrilled
1926,Zero Chill,drama,thrilled
1927,Titletown High,reality,laugh
1928,Mad for Each Other,comedy,laugh
1929,Country Comfort,drama,thrilled
1930,Sea Power,documentation,learn
1931,Hei$t: The Great Robbery of Brazil's Central Bank,documentation,learn
1932,Decoupled,comedy,laugh
1933,Elite Short Stories: Nadia Guzmán,drama,thrilled
1934,Pui Pui Molcar,animation,thrilled
1935,Cat People,documentation,learn
1936,Sparking Joy with Marie Kondo,drama,thrilled
1937,Taarak Mehta Kka Chhota Chashmah,animation,thrilled
1938,Elite Short Stories: Samuel Omar,comedy,laugh
1939,Human: The World Within,documentation,learn
1940,City of Ghosts,animation,thrilled
1941,Transformers: BotBots,animation,thrilled
1942,Fatma,drama,thrilled
1943,"Ada Twist, Scientist",family,nostalgic
1944,Super PupZ,comedy,laugh
1945,Cooking With Paris,reality,laugh
1946,Go Dog Go,animation,thrilled
1947,Call My Agent Bollywood,comedy,laugh
1948,MaveriX,drama,thrilled
1949,My Unorthodox Life,reality,laugh
1950,The Kingdom,crime,thrilled
1951,We the People,animation,thrilled
1952,A Tale Dark & Grimm,animation,thrilled
1953,Storybots Laugh Learn Sing,family,nostalgic
1954,Love Is Blind: Brazil,reality,laugh
1955,Tattoo Redo,reality,laugh
1956,2020,drama,thrilled
1957,Naomi Osaka,documentation,learn
1958,Dealer,action,thrilled
1959,Mai: A Mother's Rage,drama,thrilled
1960,Wild Abandon,drama,thrilled
1961,Soil,comedy,laugh
1962,Single’s Inferno,reality,laugh
1963,The Creature Cases,animation,thrilled
1964,Christmas Flow,romance,nostalgic
1965,AlRawabi School for Girls,drama,thrilled
1966,Blood Sisters,drama,thrilled
1967,Sexify,comedy,laugh
1968,Racket Boys,family,nostalgic
1969,The Future Diary,reality,laugh
1970,Ray,drama,thrilled
1971,Johnny Test,comedy,laugh
1972,New World,reality,laugh
1973,Word of Honor,action,thrilled
1974,Daughter from Another Mother,romance,nostalgic
1975,You Are My Spring,drama,thrilled
1976,Johnny Hallyday: Beyond Rock,documentation,learn
1977,Eternally Confused and Eager for Love,comedy,laugh
1978,Zero,scifi,thrilled
1979,Battle Kitty,animation,thrilled
1980,Law School,crime,thrilled
1981,Ridley Jones,animation,thrilled
1982,"Hello, Me!",comedy,laugh
1983,Everything Will Be Fine,comedy,laugh
1984,Fishbowl Wives,drama,thrilled
1985,Barbie: It Takes Two,comedy,laugh
1986,Let's Fight Ghost,drama,thrilled
1987,"Love, Life & Everything in Between",comedy,laugh
1988,Action Pack,family,nostalgic
1989,Savage Rhythm,drama,thrilled
1990,800 Meters,documentation,learn
1991,Myth and Mogul: John DeLorean,documentation,learn
1992,My Love: Six Stories of True Love,reality,laugh
1993,Framed! A Sicilian Murder Mystery,comedy,laugh
1994,Transformers: War for Cybertron: Kingdom,action,thrilled
1995,Canine Intervention,documentation,learn
1996,"Fresh, Fried & Crispy",documentation,learn
1997,I Heart Arlo,animation,thrilled
1998,Revelations: The Masters of the Universe: Revelation Aftershow,action,thrilled
1999,Elize Matsunaga: Once Upon a Crime,crime,thrilled
2000,The Snitch Cartel: Origins,crime,thrilled
2001,Worn Stories,documentation,learn
2002,The Houseboat,documentation,learn
2003,"Vendetta: Truth, Lies and The Mafia",documentation,learn
2004,Reflection of You,drama,thrilled
2005,DI4RI,family,nostalgic
2006,Too Hot to Handle: Brazil,reality,laugh
2007,Swap Shop,reality,laugh
2008,Scaredy Cats,scifi,thrilled
2009,Bombay Begums,drama,thrilled
2010,Pedal to Metal,drama,thrilled
2011,Haunted: Latin America,horror,thrilled
2012,Russell Howard: Lubricant,comedy,laugh
2013,Coyotes,drama,thrilled
2014,Somos.,drama,thrilled
2015,Too Hot to Handle: Latino,reality,laugh
2016,Remember You,action,thrilled
2017,The New Adventures of Oggy,comedy,laugh
2018,Jiva!,drama,thrilled
2019,So Not Worth It,drama,thrilled
2020,Metal Shop Masters,reality,laugh
2021,Your Life is a Joke,comedy,laugh
2022,Light the Night,drama,thrilled
2023,The Fame Game,drama,thrilled
2024,Motel Makeover,reality,laugh
2025,"Young, Famous & African",reality,laugh
2026,Secrets of Summer,drama,thrilled
2027,Where Is Marta?,crime,thrilled
2028,50M2,comedy,laugh
2029,Smother-In-Law,comedy,laugh
2030,The Hungry and the Hairy,reality,laugh
2031,John of God: The Crimes of a Spiritual Healer,crime,thrilled
2032,Till Death,drama,thrilled
2033,Senzo: Murder of a Soccer Star,crime,thrilled
2034,Twenty Somethings: Austin,reality,laugh
2035,Race: Bubba Wallace,documentation,learn
2036,Newton's Cradle,drama,thrilled
2037,Bake Squad,family,nostalgic
2038,Waffles + Mochi,family,nostalgic
2039,Marriage or Mortgage,reality,laugh
2040,The Rational Life,drama,thrilled
2041,Crime Stories: India Detectives,documentation,learn
2042,Dad Stop Embarrassing Me!,comedy,laugh
2043,Stories of a Generation - with Pope Francis,documentation,learn
2044,Street Food: USA,documentation,learn
2045,Brave Animated Series,action,thrilled
2046,Team Zenko Go,action,thrilled
2047,The Mystic River,horror,thrilled
2048,The Big Shot Game Show,reality,laugh
2049,Buried by the Bernards,reality,laugh
2050,Jailbirds New Orleans,documentation,learn
2051,Reasonable Doubt: A Tale of Two Kidnappings,crime,thrilled
2052,Finding Ola,comedy,laugh
2053,The Big Day,reality,laugh
2054,He's Expecting,drama,thrilled
2055,The Fastest,reality,laugh
2056,Pet Stars,reality,laugh
2057,"Nevenka, Breaking The Silence",documentation,learn
2058,Creator's File: GOLD,drama,thrilled
2059,Under Suspicion: Uncovering the Wesphael Case,crime,thrilled
2060,Word Party Presents: Math!,family,nostalgic
2061,Magic for Humans Spain,reality,laugh
2062,냉면 랩소디,documentation,learn
2063,The Ingenuity of the Househusband,comedy,laugh
2064,Bangkok Breaking,thriller,thrilled
2065,Kayko and Kokosh,animation,thrilled
2066,Navarasa,drama,thrilled
2067,How to Be A Cowboy,reality,laugh
2068,Abla Fahita: Drama Queen,drama,thrilled
2069,Byron Baes,reality,laugh
2070,Love Never Lies,reality,laugh
2071,The Wedding Coach,comedy,laugh
2072,Only Jokes Allowed,comedy,laugh
2073,We Are: The Brooklyn Saints,documentation,learn
2074,Alma Matters: Inside the IIT Dream,documentation,learn
2075,Lava Ka Dhaava,reality,laugh
2076,The Family That Sings Together: The Camargos,documentation,learn
2077,Let's Eat,drama,thrilled
2078,Pitta Kathalu,drama,thrilled
2079,HQ Barbers,comedy,laugh
2080,Mighty Little Bheem: Kite Festival,family,nostalgic
